"film_id","title","description","release_year","language_id","rental_duration","rental_rate","length","replacement_cost","rating","last_update","special_features","fulltext"
796,"Sierra Divide","A Emotional Character Study of a Frisbee And a Mad Scientist who must Build a Madman in California",2006,1,3,"0.99",135,"12.99","NC-17","2013-05-26 14:50:58.951","{Commentaries,""Deleted Scenes""}","'build':16 'california':20 'charact':5 'divid':2 'emot':4 'frisbe':9 'mad':12 'madman':18 'must':15 'scientist':13 'sierra':1 'studi':6"
482,"Jeopardy Encino","A Boring Panorama of a Man And a Mad Cow who must Face a Explorer in Ancient India",2006,1,3,"0.99",102,"12.99","R","2013-05-26 14:50:58.951","{Trailers,Commentaries}","'ancient':19 'bore':4 'cow':12 'encino':2 'explor':17 'face':15 'india':20 'jeopardi':1 'mad':11 'man':8 'must':14 'panorama':5"
160,"Club Graffiti","A Epic Tale of a Pioneer And a Hunter who must Escape a Girl in A U-Boat",2006,1,4,"0.99",65,"12.99","PG-13","2013-05-26 14:50:58.951","{Trailers,""Deleted Scenes""}","'boat':21 'club':1 'epic':4 'escap':14 'girl':16 'graffiti':2 'hunter':11 'must':13 'pioneer':8 'tale':5 'u':20 'u-boat':19"
306,"Feathers Metal","A Thoughtful Yarn of a Monkey And a Teacher who must Find a Dog in Australia",2006,1,3,"0.99",104,"12.99","PG-13","2013-05-26 14:50:58.951","{Trailers,""Deleted Scenes""}","'australia':18 'dog':16 'feather':1 'find':14 'metal':2 'monkey':8 'must':13 'teacher':11 'thought':4 'yarn':5"
636,"Oleander Clue","A Boring Story of a Teacher And a Monkey who must Succumb a Forensic Psychologist in A Jet Boat",2006,1,5,"0.99",161,"12.99","PG","2013-05-26 14:50:58.951","{Commentaries,""Deleted Scenes""}","'boat':21 'bore':4 'clue':2 'forens':16 'jet':20 'monkey':11 'must':13 'oleand':1 'psychologist':17 'stori':5 'succumb':14 'teacher':8"
27,"Anonymous Human","A Amazing Reflection of a Database Administrator And a Astronaut who must Outrace a Database Administrator in A Shark Tank",2006,1,7,"0.99",179,"12.99","NC-17","2013-05-26 14:50:58.951","{""Deleted Scenes"",""Behind the Scenes""}","'administr':9,18 'amaz':4 'anonym':1 'astronaut':12 'databas':8,17 'human':2 'must':14 'outrac':15 'reflect':5 'shark':21 'tank':22"
479,"Jedi Beneath","A Astounding Reflection of a Explorer And a Dentist who must Pursue a Student in Nigeria",2006,1,7,"0.99",128,"12.99","PG","2013-05-26 14:50:58.951","{Trailers,Commentaries,""Deleted Scenes""}","'astound':4 'beneath':2 'dentist':11 'explor':8 'jedi':1 'must':13 'nigeria':18 'pursu':14 'reflect':5 'student':16"
553,"Maker Gables","A Stunning Display of a Moose And a Database Administrator who must Pursue a Composer in A Jet Boat",2006,1,4,"0.99",136,"12.99","PG-13","2013-05-26 14:50:58.951","{""Deleted Scenes"",""Behind the Scenes""}","'administr':12 'boat':21 'compos':17 'databas':11 'display':5 'gabl':2 'jet':20 'maker':1 'moos':8 'must':14 'pursu':15 'stun':4"
562,"Masked Bubble","A Fanciful Documentary of a Pioneer And a Boat who must Pursue a Pioneer in An Abandoned Mine Shaft",2006,1,6,"0.99",151,"12.99","PG-13","2013-05-26 14:50:58.951","{Commentaries,""Behind the Scenes""}","'abandon':19 'boat':11 'bubbl':2 'documentari':5 'fanci':4 'mask':1 'mine':20 'must':13 'pioneer':8,16 'pursu':14 'shaft':21"
978,"Wisdom Worker","A Unbelieveable Saga of a Forensic Psychologist And a Student who must Face a Squirrel in The First Manned Space Station",2006,1,3,"0.99",98,"12.99","R","2013-05-26 14:50:58.951","{""Deleted Scenes"",""Behind the Scenes""}","'face':15 'first':20 'forens':8 'man':21 'must':14 'psychologist':9 'saga':5 'space':22 'squirrel':17 'station':23 'student':12 'unbeliev':4 'wisdom':1 'worker':2"
646,"Outbreak Divine","A Unbelieveable Yarn of a Database Administrator And a Woman who must Succumb a A Shark in A U-Boat",2006,1,6,"0.99",169,"12.99","NC-17","2013-05-26 14:50:58.951","{Trailers,""Deleted Scenes"",""Behind the Scenes""}","'administr':9 'boat':23 'databas':8 'divin':2 'must':14 'outbreak':1 'shark':18 'succumb':15 'u':22 'u-boat':21 'unbeliev':4 'woman':12 'yarn':5"
727,"Resurrection Silverado","A Epic Yarn of a Robot And a Explorer who must Challenge a Girl in A MySQL Convention",2006,1,6,"0.99",117,"12.99","PG","2013-05-26 14:50:58.951","{Trailers,""Deleted Scenes""}","'challeng':14 'convent':20 'epic':4 'explor':11 'girl':16 'must':13 'mysql':19 'resurrect':1 'robot':8 'silverado':2 'yarn':5"
822,"Soup Wisdom","A Fast-Paced Display of a Robot And a Butler who must Defeat a Butler in A MySQL Convention",2006,1,6,"0.99",169,"12.99","R","2013-05-26 14:50:58.951","{""Behind the Scenes""}","'butler':13,18 'convent':22 'defeat':16 'display':7 'fast':5 'fast-pac':4 'must':15 'mysql':21 'pace':6 'robot':10 'soup':1 'wisdom':2"
787,"Shining Roses","A Awe-Inspiring Character Study of a Astronaut And a Forensic Psychologist who must Challenge a Madman in Ancient India",2006,1,4,"0.99",125,"12.99","G","2013-05-26 14:50:58.951","{Trailers,Commentaries,""Deleted Scenes"",""Behind the Scenes""}","'ancient':22 'astronaut':11 'awe':5 'awe-inspir':4 'challeng':18 'charact':7 'forens':14 'india':23 'inspir':6 'madman':20 'must':17 'psychologist':15 'rose':2 'shine':1 'studi':8"
976,"Wind Phantom","A Touching Saga of a Madman And a Forensic Psychologist who must Build a Sumo Wrestler in An Abandoned Mine Shaft",2006,1,6,"0.99",111,"12.99","R","2013-05-26 14:50:58.951","{Commentaries,""Deleted Scenes""}","'abandon':21 'build':15 'forens':11 'madman':8 'mine':22 'must':14 'phantom':2 'psychologist':12 'saga':5 'shaft':23 'sumo':17 'touch':4 'wind':1 'wrestler':18"
424,"Holocaust Highball","A Awe-Inspiring Yarn of a Composer And a Man who must Find a Robot in Soviet Georgia",2006,1,6,"0.99",149,"12.99","R","2013-05-26 14:50:58.951","{""Deleted Scenes""}","'awe':5 'awe-inspir':4 'compos':10 'find':16 'georgia':21 'highbal':2 'holocaust':1 'inspir':6 'man':13 'must':15 'robot':18 'soviet':20 'yarn':7"
870,"Swarm Gold","A Insightful Panorama of a Crocodile And a Boat who must Conquer a Sumo Wrestler in A MySQL Convention",2006,1,4,"0.99",123,"12.99","PG-13","2013-05-26 14:50:58.951","{Trailers,Commentaries}","'boat':11 'conquer':14 'convent':21 'crocodil':8 'gold':2 'insight':4 'must':13 'mysql':20 'panorama':5 'sumo':16 'swarm':1 'wrestler':17"
407,"Hawk Chill","A Action-Packed Drama of a Mad Scientist And a Composer who must Outgun a Car in Australia",2006,1,5,"0.99",47,"12.99","PG-13","2013-05-26 14:50:58.951","{""Behind the Scenes""}","'action':5 'action-pack':4 'australia':21 'car':19 'chill':2 'compos':14 'drama':7 'hawk':1 'mad':10 'must':16 'outgun':17 'pack':6 'scientist':11"
963,"Watch Tracy","A Fast-Paced Yarn of a Dog And a Frisbee who must Conquer a Hunter in Nigeria",2006,1,5,"0.99",78,"12.99","PG","2013-05-26 14:50:58.951","{Trailers,""Deleted Scenes"",""Behind the Scenes""}","'conquer':16 'dog':10 'fast':5 'fast-pac':4 'frisbe':13 'hunter':18 'must':15 'nigeria':20 'pace':6 'traci':2 'watch':1 'yarn':7"
36,"Argonauts Town","A Emotional Epistle of a Forensic Psychologist And a Butler who must Challenge a Waitress in An Abandoned Mine Shaft",2006,1,7,"0.99",127,"12.99","PG-13","2013-05-26 14:50:58.951","{Trailers,Commentaries}","'abandon':20 'argonaut':1 'butler':12 'challeng':15 'emot':4 'epistl':5 'forens':8 'mine':21 'must':14 'psychologist':9 'shaft':22 'town':2 'waitress':17"
688,"Polish Brooklyn","A Boring Character Study of a Database Administrator And a Lumberjack who must Reach a Madman in The Outback",2006,1,6,"0.99",61,"12.99","PG","2013-05-26 14:50:58.951","{Trailers,Commentaries,""Deleted Scenes"",""Behind the Scenes""}","'administr':10 'bore':4 'brooklyn':2 'charact':5 'databas':9 'lumberjack':13 'madman':18 'must':15 'outback':21 'polish':1 'reach':16 'studi':6"
363,"Go Purple","A Fast-Paced Display of a Car And a Database Administrator who must Battle a Woman in A Baloon",2006,1,3,"0.99",54,"12.99","R","2013-05-26 14:50:58.951","{Trailers}","'administr':14 'baloon':22 'battl':17 'car':10 'databas':13 'display':7 'fast':5 'fast-pac':4 'go':1 'must':16 'pace':6 'purpl':2 'woman':19"
452,"Illusion Amelie","A Emotional Epistle of a Boat And a Mad Scientist who must Outrace a Robot in An Abandoned Mine Shaft",2006,1,4,"0.99",122,"15.99","R","2013-05-26 14:50:58.951","{Commentaries,""Behind the Scenes""}","'abandon':20 'ameli':2 'boat':8 'emot':4 'epistl':5 'illus':1 'mad':11 'mine':21 'must':14 'outrac':15 'robot':17 'scientist':12 'shaft':22"
635,"Oklahoma Jumanji","A Thoughtful Drama of a Dentist And a Womanizer who must Meet a Husband in The Sahara Desert",2006,1,7,"0.99",58,"15.99","PG","2013-05-26 14:50:58.951","{""Behind the Scenes""}","'dentist':8 'desert':20 'drama':5 'husband':16 'jumanji':2 'meet':14 'must':13 'oklahoma':1 'sahara':19 'thought':4 'woman':11"
552,"Majestic Floats","A Thrilling Character Study of a Moose And a Student who must Escape a Butler in The First Manned Space Station",2006,1,5,"0.99",130,"15.99","PG","2013-05-26 14:50:58.951","{Trailers}","'butler':17 'charact':5 'escap':15 'first':20 'float':2 'majest':1 'man':21 'moos':9 'must':14 'space':22 'station':23 'student':12 'studi':6 'thrill':4"
606,"Mummy Creatures","A Fateful Character Study of a Crocodile And a Monkey who must Meet a Dentist in Australia",2006,1,3,"0.99",160,"15.99","NC-17","2013-05-26 14:50:58.951","{Trailers,""Behind the Scenes""}","'australia':19 'charact':5 'creatur':2 'crocodil':9 'dentist':17 'fate':4 'meet':15 'monkey':12 'mummi':1 'must':14 'studi':6"
54,"Banger Pinocchio","A Awe-Inspiring Drama of a Car And a Pastry Chef who must Chase a Crocodile in The First Manned Space Station",2006,1,5,"0.99",113,"15.99","R","2013-05-26 14:50:58.951","{Trailers,Commentaries,""Deleted Scenes""}","'awe':5 'awe-inspir':4 'banger':1 'car':10 'chase':17 'chef':14 'crocodil':19 'drama':7 'first':22 'inspir':6 'man':23 'must':16 'pastri':13 'pinocchio':2 'space':24 'station':25"
26,"Annie Identity","A Amazing Panorama of a Pastry Chef And a Boat who must Escape a Woman in An Abandoned Amusement Park",2006,1,3,"0.99",86,"15.99","G","2013-05-26 14:50:58.951","{Commentaries,""Deleted Scenes""}","'abandon':20 'amaz':4 'amus':21 'anni':1 'boat':12 'chef':9 'escap':15 'ident':2 'must':14 'panorama':5 'park':22 'pastri':8 'woman':17"
924,"Unforgiven Zoolander","A Taut Epistle of a Monkey And a Sumo Wrestler who must Vanquish a A Shark in A Baloon Factory",2006,1,7,"0.99",129,"15.99","PG","2013-05-26 14:50:58.951","{Trailers,Commentaries,""Behind the Scenes""}","'baloon':21 'epistl':5 'factori':22 'monkey':8 'must':14 'shark':18 'sumo':11 'taut':4 'unforgiven':1 'vanquish':15 'wrestler':12 'zooland':2"
687,"Pocus Pulp","A Intrepid Yarn of a Frisbee And a Dog who must Build a Astronaut in A Baloon Factory",2006,1,6,"0.99",138,"15.99","NC-17","2013-05-26 14:50:58.951","{Commentaries,""Deleted Scenes"",""Behind the Scenes""}","'astronaut':16 'baloon':19 'build':14 'dog':11 'factori':20 'frisbe':8 'intrepid':4 'must':13 'pocus':1 'pulp':2 'yarn':5"
402,"Harper Dying","A Awe-Inspiring Reflection of a Woman And a Cat who must Confront a Feminist in The Sahara Desert",2006,1,3,"0.99",52,"15.99","G","2013-05-26 14:50:58.951","{Trailers}","'awe':5 'awe-inspir':4 'cat':13 'confront':16 'desert':22 'die':2 'feminist':18 'harper':1 'inspir':6 'must':15 'reflect':7 'sahara':21 'woman':10"
477,"Jawbreaker Brooklyn","A Stunning Reflection of a Boat And a Pastry Chef who must Succumb a A Shark in A Jet Boat",2006,1,5,"0.99",118,"15.99","PG","2013-05-26 14:50:58.951","{Trailers,""Behind the Scenes""}","'boat':8,22 'brooklyn':2 'chef':12 'jawbreak':1 'jet':21 'must':14 'pastri':11 'reflect':5 'shark':18 'stun':4 'succumb':15"
497,"Kill Brotherhood","A Touching Display of a Hunter And a Secret Agent who must Redeem a Husband in The Outback",2006,1,4,"0.99",54,"15.99","G","2013-05-26 14:50:58.951","{Trailers,Commentaries}","'agent':12 'brotherhood':2 'display':5 'hunter':8 'husband':17 'kill':1 'must':14 'outback':20 'redeem':15 'secret':11 'touch':4"
951,"Voyage Legally","A Epic Tale of a Squirrel And a Hunter who must Conquer a Boy in An Abandoned Mine Shaft",2006,1,6,"0.99",78,"28.99","PG-13","2013-05-26 14:50:58.951","{Commentaries,""Behind the Scenes""}","'abandon':19 'boy':16 'conquer':14 'epic':4 'hunter':11 'legal':2 'mine':20 'must':13 'shaft':21 'squirrel':8 'tale':5 'voyag':1"
866,"Sunset Racer","A Awe-Inspiring Reflection of a Astronaut And a A Shark who must Defeat a Forensic Psychologist in California",2006,1,6,"0.99",48,"28.99","NC-17","2013-05-26 14:50:58.951","{Commentaries,""Behind the Scenes""}","'astronaut':10 'awe':5 'awe-inspir':4 'california':22 'defeat':17 'forens':19 'inspir':6 'must':16 'psychologist':20 'racer':2 'reflect':7 'shark':14 'sunset':1"
737,"Rock Instinct","A Astounding Character Study of a Robot And a Moose who must Overcome a Astronaut in Ancient India",2006,1,4,"0.99",102,"28.99","G","2013-05-26 14:50:58.951","{Trailers,Commentaries,""Deleted Scenes"",""Behind the Scenes""}","'ancient':19 'astound':4 'astronaut':17 'charact':5 'india':20 'instinct':2 'moos':12 'must':14 'overcom':15 'robot':9 'rock':1 'studi':6"
855,"Streak Ridgemont","A Astounding Character Study of a Hunter And a Waitress who must Sink a Man in New Orleans",2006,1,7,"0.99",132,"28.99","PG-13","2013-05-26 14:50:58.951","{Trailers,""Behind the Scenes""}","'astound':4 'charact':5 'hunter':9 'man':17 'must':14 'new':19 'orlean':20 'ridgemont':2 'sink':15 'streak':1 'studi':6 'waitress':12"
849,"Storm Happiness","A Insightful Drama of a Feminist And a A Shark who must Vanquish a Boat in A Shark Tank",2006,1,6,"0.99",57,"28.99","NC-17","2013-05-26 14:50:58.951","{Trailers,Commentaries,""Behind the Scenes""}","'boat':17 'drama':5 'feminist':8 'happi':2 'insight':4 'must':14 'shark':12,20 'storm':1 'tank':21 'vanquish':15"
741,"Roman Punk","A Thoughtful Panorama of a Mad Cow And a Student who must Battle a Forensic Psychologist in Berlin",2006,1,7,"0.99",81,"28.99","NC-17","2013-05-26 14:50:58.951","{Trailers}","'battl':15 'berlin':20 'cow':9 'forens':17 'mad':8 'must':14 'panorama':5 'psychologist':18 'punk':2 'roman':1 'student':12 'thought':4"
395,"Handicap Boondock","A Beautiful Display of a Pioneer And a Squirrel who must Vanquish a Sumo Wrestler in Soviet Georgia",2006,1,4,"0.99",108,"28.99","R","2013-05-26 14:50:58.951","{Commentaries,""Deleted Scenes"",""Behind the Scenes""}","'beauti':4 'boondock':2 'display':5 'georgia':20 'handicap':1 'must':13 'pioneer':8 'soviet':19 'squirrel':11 'sumo':16 'vanquish':14 'wrestler':17"
549,"Magnolia Forrester","A Thoughtful Documentary of a Composer And a Explorer who must Conquer a Dentist in New Orleans",2006,1,4,"0.99",171,"28.99","PG-13","2013-05-26 14:50:58.951","{Trailers,Commentaries,""Deleted Scenes""}","'compos':8 'conquer':14 'dentist':16 'documentari':5 'explor':11 'forrest':2 'magnolia':1 'must':13 'new':18 'orlean':19 'thought':4"
730,"Ridgemont Submarine","A Unbelieveable Drama of a Waitress And a Composer who must Sink a Mad Cow in Ancient Japan",2006,1,3,"0.99",46,"28.99","PG-13","2013-05-26 14:50:58.951","{Commentaries,""Deleted Scenes"",""Behind the Scenes""}","'ancient':19 'compos':11 'cow':17 'drama':5 'japan':20 'mad':16 'must':13 'ridgemont':1 'sink':14 'submarin':2 'unbeliev':4 'waitress':8"
517,"Lesson Cleopatra","A Emotional Display of a Man And a Explorer who must Build a Boy in A Manhattan Penthouse",2006,1,3,"0.99",167,"28.99","NC-17","2013-05-26 14:50:58.951","{""Deleted Scenes"",""Behind the Scenes""}","'boy':16 'build':14 'cleopatra':2 'display':5 'emot':4 'explor':11 'lesson':1 'man':8 'manhattan':19 'must':13 'penthous':20"
909,"Treasure Command","A Emotional Saga of a Car And a Madman who must Discover a Pioneer in California",2006,1,3,"0.99",102,"28.99","PG-13","2013-05-26 14:50:58.951","{Trailers,Commentaries,""Deleted Scenes"",""Behind the Scenes""}","'california':18 'car':8 'command':2 'discov':14 'emot':4 'madman':11 'must':13 'pioneer':16 'saga':5 'treasur':1"
245,"Double Wrath","A Thoughtful Yarn of a Womanizer And a Dog who must Challenge a Madman in The Gulf of Mexico",2006,1,4,"0.99",177,"28.99","R","2013-05-26 14:50:58.951","{Trailers,""Deleted Scenes"",""Behind the Scenes""}","'challeng':14 'dog':11 'doubl':1 'gulf':19 'madman':16 'mexico':21 'must':13 'thought':4 'woman':8 'wrath':2 'yarn':5"
794,"Side Ark","A Stunning Panorama of a Crocodile And a Womanizer who must Meet a Feminist in The Canadian Rockies",2006,1,5,"0.99",52,"28.99","G","2013-05-26 14:50:58.951","{""Deleted Scenes"",""Behind the Scenes""}","'ark':2 'canadian':19 'crocodil':8 'feminist':16 'meet':14 'must':13 'panorama':5 'rocki':20 'side':1 'stun':4 'woman':11"
344,"Fury Murder","A Lacklusture Reflection of a Boat And a Forensic Psychologist who must Fight a Waitress in A Monastery",2006,1,3,"0.99",178,"28.99","PG-13","2013-05-26 14:50:58.951","{""Deleted Scenes""}","'boat':8 'fight':15 'forens':11 'furi':1 'lacklustur':4 'monasteri':20 'murder':2 'must':14 'psychologist':12 'reflect':5 'waitress':17"
965,"Watership Frontier","A Emotional Yarn of a Boat And a Crocodile who must Meet a Moose in Soviet Georgia",2006,1,6,"0.99",112,"28.99","G","2013-05-26 14:50:58.951","{Commentaries}","'boat':8 'crocodil':11 'emot':4 'frontier':2 'georgia':19 'meet':14 'moos':16 'must':13 'soviet':18 'watership':1 'yarn':5"
529,"Lonely Elephant","A Intrepid Story of a Student And a Dog who must Challenge a Explorer in Soviet Georgia",2006,1,3,"2.99",67,"12.99","G","2013-05-26 14:50:58.951","{Trailers,Commentaries,""Deleted Scenes"",""Behind the Scenes""}","'challeng':14 'dog':11 'eleph':2 'explor':16 'georgia':19 'intrepid':4 'lone':1 'must':13 'soviet':18 'stori':5 'student':8"
923,"Unfaithful Kill","A Taut Documentary of a Waitress And a Mad Scientist who must Battle a Technical Writer in New Orleans",2006,1,7,"2.99",78,"12.99","R","2013-05-26 14:50:58.951","{Commentaries,""Deleted Scenes""}","'battl':15 'documentari':5 'kill':2 'mad':11 'must':14 'new':20 'orlean':21 'scientist':12 'taut':4 'technic':17 'unfaith':1 'waitress':8 'writer':18"
664,"Patriot Roman","A Taut Saga of a Robot And a Database Administrator who must Challenge a Astronaut in California",2006,1,6,"2.99",65,"12.99","PG","2013-05-26 14:50:58.951","{Trailers,""Deleted Scenes""}","'administr':12 'astronaut':17 'california':19 'challeng':15 'databas':11 'must':14 'patriot':1 'robot':8 'roman':2 'saga':5 'taut':4"
154,"Clash Freddy","A Amazing Yarn of a Composer And a Squirrel who must Escape a Astronaut in Australia",2006,1,6,"2.99",81,"12.99","G","2013-05-26 14:50:58.951","{Commentaries,""Deleted Scenes""}","'amaz':4 'astronaut':16 'australia':18 'clash':1 'compos':8 'escap':14 'freddi':2 'must':13 'squirrel':11 'yarn':5"
449,"Identity Lover","A Boring Tale of a Composer And a Mad Cow who must Defeat a Car in The Outback",2006,1,4,"2.99",119,"12.99","PG-13","2013-05-26 14:50:58.951","{""Deleted Scenes""}","'bore':4 'car':17 'compos':8 'cow':12 'defeat':15 'ident':1 'lover':2 'mad':11 'must':14 'outback':20 'tale':5"
829,"Spinal Rocky","A Lacklusture Epistle of a Sumo Wrestler And a Squirrel who must Defeat a Explorer in California",2006,1,7,"2.99",138,"12.99","PG-13","2013-05-26 14:50:58.951","{Commentaries,""Deleted Scenes""}","'california':19 'defeat':15 'epistl':5 'explor':17 'lacklustur':4 'must':14 'rocki':2 'spinal':1 'squirrel':12 'sumo':8 'wrestler':9"
78,"Blackout Private","A Intrepid Yarn of a Pastry Chef And a Mad Scientist who must Challenge a Secret Agent in Ancient Japan",2006,1,7,"2.99",85,"12.99","PG","2013-05-26 14:50:58.951","{Trailers,""Deleted Scenes""}","'agent':19 'ancient':21 'blackout':1 'challeng':16 'chef':9 'intrepid':4 'japan':22 'mad':12 'must':15 'pastri':8 'privat':2 'scientist':13 'secret':18 'yarn':5"
72,"Bill Others","A Stunning Saga of a Mad Scientist And a Forensic Psychologist who must Challenge a Squirrel in A MySQL Convention",2006,1,6,"2.99",93,"12.99","PG","2013-05-26 14:50:58.951","{Trailers,Commentaries}","'bill':1 'challeng':16 'convent':22 'forens':12 'mad':8 'must':15 'mysql':21 'other':2 'psychologist':13 'saga':5 'scientist':9 'squirrel':18 'stun':4"
431,"Hoosiers Birdcage","A Astounding Display of a Explorer And a Boat who must Vanquish a Car in The First Manned Space Station",2006,1,3,"2.99",176,"12.99","G","2013-05-26 14:50:58.951","{Trailers,Commentaries,""Deleted Scenes""}","'astound':4 'birdcag':2 'boat':11 'car':16 'display':5 'explor':8 'first':19 'hoosier':1 'man':20 'must':13 'space':21 'station':22 'vanquish':14"
657,"Paradise Sabrina","A Intrepid Yarn of a Car And a Moose who must Outrace a Crocodile in A Manhattan Penthouse",2006,1,5,"2.99",48,"12.99","PG-13","2013-05-26 14:50:58.951","{Commentaries,""Deleted Scenes"",""Behind the Scenes""}","'car':8 'crocodil':16 'intrepid':4 'manhattan':19 'moos':11 'must':13 'outrac':14 'paradis':1 'penthous':20 'sabrina':2 'yarn':5"
626,"Noon Papi","A Unbelieveable Character Study of a Mad Scientist And a Astronaut who must Find a Pioneer in A Manhattan Penthouse",2006,1,5,"2.99",57,"12.99","G","2013-05-26 14:50:58.951","{""Behind the Scenes""}","'astronaut':13 'charact':5 'find':16 'mad':9 'manhattan':21 'must':15 'noon':1 'papi':2 'penthous':22 'pioneer':18 'scientist':10 'studi':6 'unbeliev':4"
468,"Invasion Cyclone","A Lacklusture Character Study of a Mad Scientist And a Womanizer who must Outrace a Explorer in A Monastery",2006,1,5,"2.99",97,"12.99","PG","2013-05-26 14:50:58.951","{Trailers,""Deleted Scenes""}","'charact':5 'cyclon':2 'explor':18 'invas':1 'lacklustur':4 'mad':9 'monasteri':21 'must':15 'outrac':16 'scientist':10 'studi':6 'woman':13"
187,"Cranes Reservoir","A Fanciful Documentary of a Teacher And a Dog who must Outgun a Forensic Psychologist in A Baloon Factory",2006,1,5,"2.99",57,"12.99","NC-17","2013-05-26 14:50:58.951","{Commentaries}","'baloon':20 'crane':1 'documentari':5 'dog':11 'factori':21 'fanci':4 'forens':16 'must':13 'outgun':14 'psychologist':17 'reservoir':2 'teacher':8"
702,"Pulp Beverly","A Unbelieveable Display of a Dog And a Crocodile who must Outrace a Man in Nigeria",2006,1,4,"2.99",89,"12.99","G","2013-05-26 14:50:58.951","{Trailers,""Behind the Scenes""}","'bever':2 'crocodil':11 'display':5 'dog':8 'man':16 'must':13 'nigeria':18 'outrac':14 'pulp':1 'unbeliev':4"
828,"Spiking Element","A Lacklusture Epistle of a Dentist And a Technical Writer who must Find a Dog in A Monastery",2006,1,7,"2.99",79,"12.99","G","2013-05-26 14:50:58.951","{Trailers,""Deleted Scenes"",""Behind the Scenes""}","'dentist':8 'dog':17 'element':2 'epistl':5 'find':15 'lacklustur':4 'monasteri':20 'must':14 'spike':1 'technic':11 'writer':12"
400,"Hardly Robbers","A Emotional Character Study of a Hunter And a Car who must Kill a Woman in Berlin",2006,1,7,"2.99",72,"15.99","R","2013-05-26 14:50:58.951","{Trailers,""Behind the Scenes""}","'berlin':19 'car':12 'charact':5 'emot':4 'hard':1 'hunter':9 'kill':15 'must':14 'robber':2 'studi':6 'woman':17"
56,"Barefoot Manchurian","A Intrepid Story of a Cat And a Student who must Vanquish a Girl in An Abandoned Amusement Park",2006,1,6,"2.99",129,"15.99","G","2013-05-26 14:50:58.951","{Trailers,Commentaries}","'abandon':19 'amus':20 'barefoot':1 'cat':8 'girl':16 'intrepid':4 'manchurian':2 'must':13 'park':21 'stori':5 'student':11 'vanquish':14"
788,"Ship Wonderland","A Thrilling Saga of a Monkey And a Frisbee who must Escape a Explorer in The Outback",2006,1,5,"2.99",104,"15.99","R","2013-05-26 14:50:58.951","{Commentaries}","'escap':14 'explor':16 'frisbe':11 'monkey':8 'must':13 'outback':19 'saga':5 'ship':1 'thrill':4 'wonderland':2"
792,"Shrek License","A Fateful Yarn of a Secret Agent And a Feminist who must Find a Feminist in A Jet Boat",2006,1,7,"2.99",154,"15.99","PG-13","2013-05-26 14:50:58.951","{Commentaries}","'agent':9 'boat':21 'fate':4 'feminist':12,17 'find':15 'jet':20 'licens':2 'must':14 'secret':8 'shrek':1 'yarn':5"
789,"Shock Cabin","A Fateful Tale of a Mad Cow And a Crocodile who must Meet a Husband in New Orleans",2006,1,7,"2.99",79,"15.99","PG-13","2013-05-26 14:50:58.951","{Trailers,Commentaries,""Behind the Scenes""}","'cabin':2 'cow':9 'crocodil':12 'fate':4 'husband':17 'mad':8 'meet':15 'must':14 'new':19 'orlean':20 'shock':1 'tale':5"
121,"Carol Texas","A Astounding Character Study of a Composer And a Student who must Overcome a Composer in A Monastery",2006,1,4,"2.99",151,"15.99","PG","2013-05-26 14:50:58.951","{Trailers,""Behind the Scenes""}","'astound':4 'carol':1 'charact':5 'compos':9,17 'monasteri':20 'must':14 'overcom':15 'student':12 'studi':6 'texa':2"
960,"Wars Pluto","A Taut Reflection of a Teacher And a Database Administrator who must Chase a Madman in The Sahara Desert",2006,1,5,"2.99",128,"15.99","G","2013-05-26 14:50:58.951","{Commentaries,""Behind the Scenes""}","'administr':12 'chase':15 'databas':11 'desert':21 'madman':17 'must':14 'pluto':2 'reflect':5 'sahara':20 'taut':4 'teacher':8 'war':1"
25,"Angels Life","A Thoughtful Display of a Woman And a Astronaut who must Battle a Robot in Berlin",2006,1,3,"2.99",74,"15.99","G","2013-05-26 14:50:58.951","{Trailers}","'angel':1 'astronaut':11 'battl':14 'berlin':18 'display':5 'life':2 'must':13 'robot':16 'thought':4 'woman':8"
259,"Duck Racer","A Lacklusture Yarn of a Teacher And a Squirrel who must Overcome a Dog in A Shark Tank",2006,1,4,"2.99",116,"15.99","NC-17","2013-05-26 14:50:58.951","{""Behind the Scenes""}","'dog':16 'duck':1 'lacklustur':4 'must':13 'overcom':14 'racer':2 'shark':19 'squirrel':11 'tank':20 'teacher':8 'yarn':5"
33,"Apollo Teen","A Action-Packed Reflection of a Crocodile And a Explorer who must Find a Sumo Wrestler in An Abandoned Mine Shaft",2006,1,5,"2.99",153,"15.99","PG-13","2013-05-26 14:50:58.951","{Trailers,Commentaries,""Deleted Scenes"",""Behind the Scenes""}","'abandon':22 'action':5 'action-pack':4 'apollo':1 'crocodil':10 'explor':13 'find':16 'mine':23 'must':15 'pack':6 'reflect':7 'shaft':24 'sumo':18 'teen':2 'wrestler':19"
329,"Forrest Sons","A Thrilling Documentary of a Forensic Psychologist And a Butler who must Defeat a Explorer in A Jet Boat",2006,1,4,"2.99",63,"15.99","R","2013-05-26 14:50:58.951","{Commentaries}","'boat':21 'butler':12 'defeat':15 'documentari':5 'explor':17 'forens':8 'forrest':1 'jet':20 'must':14 'psychologist':9 'son':2 'thrill':4"
724,"Remember Diary","A Insightful Tale of a Technical Writer And a Waitress who must Conquer a Monkey in Ancient India",2006,1,5,"2.99",110,"15.99","R","2013-05-26 14:50:58.951","{Trailers,Commentaries}","'ancient':19 'conquer':15 'diari':2 'india':20 'insight':4 'monkey':17 'must':14 'rememb':1 'tale':5 'technic':8 'waitress':12 'writer':9"
43,"Atlantis Cause","A Thrilling Yarn of a Feminist And a Hunter who must Fight a Technical Writer in A Shark Tank",2006,1,6,"2.99",170,"15.99","G","2013-05-26 14:50:58.951","{""Behind the Scenes""}","'atlanti':1 'caus':2 'feminist':8 'fight':14 'hunter':11 'must':13 'shark':20 'tank':21 'technic':16 'thrill':4 'writer':17 'yarn':5"
802,"Sky Miracle","A Epic Drama of a Mad Scientist And a Explorer who must Succumb a Waitress in An Abandoned Fun House",2006,1,7,"2.99",132,"15.99","PG","2013-05-26 14:50:58.951","{Trailers,Commentaries,""Deleted Scenes""}","'abandon':20 'drama':5 'epic':4 'explor':12 'fun':21 'hous':22 'mad':8 'miracl':2 'must':14 'scientist':9 'sky':1 'succumb':15 'waitress':17"
542,"Lust Lock","A Fanciful Panorama of a Hunter And a Dentist who must Meet a Secret Agent in The Sahara Desert",2006,1,3,"2.99",52,"28.99","G","2013-05-26 14:50:58.951","{Trailers,Commentaries,""Behind the Scenes""}","'agent':17 'dentist':11 'desert':21 'fanci':4 'hunter':8 'lock':2 'lust':1 'meet':14 'must':13 'panorama':5 'sahara':20 'secret':16"
520,"License Weekend","A Insightful Story of a Man And a Husband who must Overcome a Madman in A Monastery",2006,1,7,"2.99",91,"28.99","NC-17","2013-05-26 14:50:58.951","{""Deleted Scenes"",""Behind the Scenes""}","'husband':11 'insight':4 'licens':1 'madman':16 'man':8 'monasteri':19 'must':13 'overcom':14 'stori':5 'weekend':2"
37,"Arizona Bang","A Brilliant Panorama of a Mad Scientist And a Mad Cow who must Meet a Pioneer in A Monastery",2006,1,3,"2.99",121,"28.99","PG","2013-05-26 14:50:58.951","{Trailers,""Deleted Scenes""}","'arizona':1 'bang':2 'brilliant':4 'cow':13 'mad':8,12 'meet':16 'monasteri':21 'must':15 'panorama':5 'pioneer':18 'scientist':9"
729,"Rider Caddyshack","A Taut Reflection of a Monkey And a Womanizer who must Chase a Moose in Nigeria",2006,1,5,"2.99",177,"28.99","PG","2013-05-26 14:50:58.951","{Commentaries,""Behind the Scenes""}","'caddyshack':2 'chase':14 'monkey':8 'moos':16 'must':13 'nigeria':18 'reflect':5 'rider':1 'taut':4 'woman':11"
447,"Ice Crossing","A Fast-Paced Tale of a Butler And a Moose who must Overcome a Pioneer in A Manhattan Penthouse",2006,1,5,"2.99",131,"28.99","R","2013-05-26 14:50:58.951","{""Deleted Scenes""}","'butler':10 'cross':2 'fast':5 'fast-pac':4 'ice':1 'manhattan':21 'moos':13 'must':15 'overcom':16 'pace':6 'penthous':22 'pioneer':18 'tale':7"
328,"Forever Candidate","A Unbelieveable Panorama of a Technical Writer And a Man who must Pursue a Frisbee in A U-Boat",2006,1,7,"2.99",131,"28.99","NC-17","2013-05-26 14:50:58.951","{Commentaries,""Deleted Scenes"",""Behind the Scenes""}","'boat':22 'candid':2 'forev':1 'frisbe':17 'man':12 'must':14 'panorama':5 'pursu':15 'technic':8 'u':21 'u-boat':20 'unbeliev':4 'writer':9"
304,"Fargo Gandhi","A Thrilling Reflection of a Pastry Chef And a Crocodile who must Reach a Teacher in The Outback",2006,1,3,"2.99",130,"28.99","G","2013-05-26 14:50:58.951","{""Deleted Scenes""}","'chef':9 'crocodil':12 'fargo':1 'gandhi':2 'must':14 'outback':20 'pastri':8 'reach':15 'reflect':5 'teacher':17 'thrill':4"
999,"Zoolander Fiction","A Fateful Reflection of a Waitress And a Boat who must Discover a Sumo Wrestler in Ancient China",2006,1,5,"2.99",101,"28.99","R","2013-05-26 14:50:58.951","{Trailers,""Deleted Scenes""}","'ancient':19 'boat':11 'china':20 'discov':14 'fate':4 'fiction':2 'must':13 'reflect':5 'sumo':16 'waitress':8 'wrestler':17 'zooland':1"
773,"Seabiscuit Punk","A Insightful Saga of a Man And a Forensic Psychologist who must Discover a Mad Cow in A MySQL Convention",2006,1,6,"2.99",112,"28.99","NC-17","2013-05-26 14:50:58.951","{Commentaries,""Deleted Scenes"",""Behind the Scenes""}","'convent':22 'cow':18 'discov':15 'forens':11 'insight':4 'mad':17 'man':8 'must':14 'mysql':21 'psychologist':12 'punk':2 'saga':5 'seabiscuit':1"
757,"Sagebrush Clueless","A Insightful Story of a Lumberjack And a Hunter who must Kill a Boy in Ancient Japan",2006,1,4,"2.99",106,"28.99","G","2013-05-26 14:50:58.951","{Trailers}","'ancient':18 'boy':16 'clueless':2 'hunter':11 'insight':4 'japan':19 'kill':14 'lumberjack':8 'must':13 'sagebrush':1 'stori':5"
592,"Monster Spartacus","A Fast-Paced Story of a Waitress And a Cat who must Fight a Girl in Australia",2006,1,6,"2.99",107,"28.99","PG","2013-05-26 14:50:58.951","{Commentaries,""Behind the Scenes""}","'australia':20 'cat':13 'fast':5 'fast-pac':4 'fight':16 'girl':18 'monster':1 'must':15 'pace':6 'spartacus':2 'stori':7 'waitress':10"
861,"Suit Walls","A Touching Panorama of a Lumberjack And a Frisbee who must Build a Dog in Australia",2006,1,3,"4.99",111,"12.99","R","2013-05-26 14:50:58.951","{Commentaries}","'australia':18 'build':14 'dog':16 'frisbe':11 'lumberjack':8 'must':13 'panorama':5 'suit':1 'touch':4 'wall':2"
98,"Bright Encounters","A Fateful Yarn of a Lumberjack And a Feminist who must Conquer a Student in A Jet Boat",2006,1,4,"4.99",73,"12.99","PG-13","2013-05-26 14:50:58.951","{Trailers}","'boat':20 'bright':1 'conquer':14 'encount':2 'fate':4 'feminist':11 'jet':19 'lumberjack':8 'must':13 'student':16 'yarn':5"
2,"Ace Goldfinger","A Astounding Epistle of a Database Administrator And a Explorer who must Find a Car in Ancient China",2006,1,3,"4.99",48,"12.99","G","2013-05-26 14:50:58.951","{Trailers,""Deleted Scenes""}","'ace':1 'administr':9 'ancient':19 'astound':4 'car':17 'china':20 'databas':8 'epistl':5 'explor':12 'find':15 'goldfing':2 'must':14"
131,"Center Dinosaur","A Beautiful Character Study of a Sumo Wrestler And a Dentist who must Find a Dog in California",2006,1,5,"4.99",152,"12.99","PG","2013-05-26 14:50:58.951","{""Deleted Scenes""}","'beauti':4 'california':20 'center':1 'charact':5 'dentist':13 'dinosaur':2 'dog':18 'find':16 'must':15 'studi':6 'sumo':9 'wrestler':10"
159,"Closer Bang","A Unbelieveable Panorama of a Frisbee And a Hunter who must Vanquish a Monkey in Ancient India",2006,1,5,"4.99",58,"12.99","R","2013-05-26 14:50:58.951","{Trailers,""Behind the Scenes""}","'ancient':18 'bang':2 'closer':1 'frisbe':8 'hunter':11 'india':19 'monkey':16 'must':13 'panorama':5 'unbeliev':4 'vanquish':14"
172,"Coneheads Smoochy","A Touching Story of a Womanizer And a Composer who must Pursue a Husband in Nigeria",2006,1,7,"4.99",112,"12.99","NC-17","2013-05-26 14:50:58.951","{""Deleted Scenes"",""Behind the Scenes""}","'compos':11 'conehead':1 'husband':16 'must':13 'nigeria':18 'pursu':14 'smoochi':2 'stori':5 'touch':4 'woman':8"
229,"Devil Desire","A Beautiful Reflection of a Monkey And a Dentist who must Face a Database Administrator in Ancient Japan",2006,1,6,"4.99",87,"12.99","R","2013-05-26 14:50:58.951","{Trailers,""Behind the Scenes""}","'administr':17 'ancient':19 'beauti':4 'databas':16 'dentist':11 'desir':2 'devil':1 'face':14 'japan':20 'monkey':8 'must':13 'reflect':5"
271,"Easy Gladiator","A Fateful Story of a Monkey And a Girl who must Overcome a Pastry Chef in Ancient India",2006,1,5,"4.99",148,"12.99","G","2013-05-26 14:50:58.951","{Trailers,Commentaries,""Behind the Scenes""}","'ancient':19 'chef':17 'easi':1 'fate':4 'girl':11 'gladiat':2 'india':20 'monkey':8 'must':13 'overcom':14 'pastri':16 'stori':5"
386,"Gump Date","A Intrepid Yarn of a Explorer And a Student who must Kill a Husband in An Abandoned Mine Shaft",2006,1,3,"4.99",53,"12.99","NC-17","2013-05-26 14:50:58.951","{""Deleted Scenes""}","'abandon':19 'date':2 'explor':8 'gump':1 'husband':16 'intrepid':4 'kill':14 'mine':20 'must':13 'shaft':21 'student':11 'yarn':5"
451,"Igby Maker","A Epic Documentary of a Hunter And a Dog who must Outgun a Dog in A Baloon Factory",2006,1,7,"4.99",160,"12.99","NC-17","2013-05-26 14:50:58.951","{Trailers,""Behind the Scenes""}","'baloon':19 'documentari':5 'dog':11,16 'epic':4 'factori':20 'hunter':8 'igbi':1 'maker':2 'must':13 'outgun':14"
580,"Mine Titans","A Amazing Yarn of a Robot And a Womanizer who must Discover a Forensic Psychologist in Berlin",2006,1,3,"4.99",166,"12.99","PG-13","2013-05-26 14:50:58.951","{Trailers,""Deleted Scenes""}","'amaz':4 'berlin':19 'discov':14 'forens':16 'mine':1 'must':13 'psychologist':17 'robot':8 'titan':2 'woman':11 'yarn':5"
597,"Moonwalker Fool","A Epic Drama of a Feminist And a Pioneer who must Sink a Composer in New Orleans",2006,1,5,"4.99",184,"12.99","G","2013-05-26 14:50:58.951","{Trailers,""Deleted Scenes""}","'compos':16 'drama':5 'epic':4 'feminist':8 'fool':2 'moonwalk':1 'must':13 'new':18 'orlean':19 'pioneer':11 'sink':14"
695,"President Bang","A Fateful Panorama of a Technical Writer And a Moose who must Battle a Robot in Soviet Georgia",2006,1,6,"4.99",144,"12.99","PG","2013-05-26 14:50:58.951","{""Behind the Scenes""}","'bang':2 'battl':15 'fate':4 'georgia':20 'moos':12 'must':14 'panorama':5 'presid':1 'robot':17 'soviet':19 'technic':8 'writer':9"
734,"Road Roxanne","A Boring Character Study of a Waitress And a Astronaut who must Fight a Crocodile in Ancient Japan",2006,1,4,"4.99",158,"12.99","R","2013-05-26 14:50:58.951","{""Behind the Scenes""}","'ancient':19 'astronaut':12 'bore':4 'charact':5 'crocodil':17 'fight':15 'japan':20 'must':14 'road':1 'roxann':2 'studi':6 'waitress':9"
805,"Sleepless Monsoon","A Amazing Saga of a Moose And a Pastry Chef who must Escape a Butler in Australia",2006,1,5,"4.99",64,"12.99","G","2013-05-26 14:50:58.951","{Trailers,""Deleted Scenes"",""Behind the Scenes""}","'amaz':4 'australia':19 'butler':17 'chef':12 'escap':15 'monsoon':2 'moos':8 'must':14 'pastri':11 'saga':5 'sleepless':1"
853,"Stranger Strangers","A Awe-Inspiring Yarn of a Womanizer And a Explorer who must Fight a Woman in The First Manned Space Station",2006,1,3,"4.99",139,"12.99","G","2013-05-26 14:50:58.951","{Commentaries,""Deleted Scenes""}","'awe':5 'awe-inspir':4 'explor':13 'fight':16 'first':21 'inspir':6 'man':22 'must':15 'space':23 'station':24 'stranger':1,2 'woman':10,18 'yarn':7"
950,"Volume House","A Boring Tale of a Dog And a Woman who must Meet a Dentist in California",2006,1,7,"4.99",132,"12.99","PG","2013-05-26 14:50:58.951","{Commentaries}","'bore':4 'california':18 'dentist':16 'dog':8 'hous':2 'meet':14 'must':13 'tale':5 'volum':1 'woman':11"
980,"Wizard Coldblooded","A Lacklusture Display of a Robot And a Girl who must Defeat a Sumo Wrestler in A MySQL Convention",2006,1,4,"4.99",75,"12.99","PG","2013-05-26 14:50:58.951","{Commentaries,""Deleted Scenes"",""Behind the Scenes""}","'coldblood':2 'convent':21 'defeat':14 'display':5 'girl':11 'lacklustur':4 'must':13 'mysql':20 'robot':8 'sumo':16 'wizard':1 'wrestler':17"
653,"Panic Club","A Fanciful Display of a Teacher And a Crocodile who must Succumb a Girl in A Baloon",2006,1,3,"4.99",102,"15.99","G","2013-05-26 14:50:58.951","{Commentaries,""Deleted Scenes""}","'baloon':19 'club':2 'crocodil':11 'display':5 'fanci':4 'girl':16 'must':13 'panic':1 'succumb':14 'teacher':8"
814,"Snatch Slipper","A Insightful Panorama of a Woman And a Feminist who must Defeat a Forensic Psychologist in Berlin",2006,1,6,"4.99",110,"15.99","PG","2013-05-26 14:50:58.951","{Commentaries}","'berlin':19 'defeat':14 'feminist':11 'forens':16 'insight':4 'must':13 'panorama':5 'psychologist':17 'slipper':2 'snatch':1 'woman':8"
518,"Liaisons Sweet","A Boring Drama of a A Shark And a Explorer who must Redeem a Waitress in The Canadian Rockies",2006,1,5,"4.99",140,"15.99","PG","2013-05-26 14:50:58.951","{Commentaries,""Behind the Scenes""}","'bore':4 'canadian':20 'drama':5 'explor':12 'liaison':1 'must':14 'redeem':15 'rocki':21 'shark':9 'sweet':2 'waitress':17"
843,"Steel Santa","A Fast-Paced Yarn of a Composer And a Frisbee who must Face a Moose in Nigeria",2006,1,4,"4.99",143,"15.99","NC-17","2013-05-26 14:50:58.951","{Commentaries,""Deleted Scenes""}","'compos':10 'face':16 'fast':5 'fast-pac':4 'frisbe':13 'moos':18 'must':15 'nigeria':20 'pace':6 'santa':2 'steel':1 'yarn':7"
8,"Airport Pollock","A Epic Tale of a Moose And a Girl who must Confront a Monkey in Ancient India",2006,1,6,"4.99",54,"15.99","R","2013-05-26 14:50:58.951","{Trailers}","'airport':1 'ancient':18 'confront':14 'epic':4 'girl':11 'india':19 'monkey':16 'moos':8 'must':13 'pollock':2 'tale':5"
426,"Home Pity","A Touching Panorama of a Man And a Secret Agent who must Challenge a Teacher in A MySQL Convention",2006,1,7,"4.99",185,"15.99","R","2013-05-26 14:50:58.951","{Trailers,Commentaries,""Behind the Scenes""}","'agent':12 'challeng':15 'convent':21 'home':1 'man':8 'must':14 'mysql':20 'panorama':5 'piti':2 'secret':11 'teacher':17 'touch':4"
156,"Clerks Angels","A Thrilling Display of a Sumo Wrestler And a Girl who must Confront a Man in A Baloon",2006,1,3,"4.99",164,"15.99","G","2013-05-26 14:50:58.951","{Commentaries}","'angel':2 'baloon':20 'clerk':1 'confront':15 'display':5 'girl':12 'man':17 'must':14 'sumo':8 'thrill':4 'wrestler':9"
117,"Candles Grapes","A Fanciful Character Study of a Monkey And a Explorer who must Build a Astronaut in An Abandoned Fun House",2006,1,6,"4.99",135,"15.99","NC-17","2013-05-26 14:50:58.951","{Trailers,""Deleted Scenes""}","'abandon':20 'astronaut':17 'build':15 'candl':1 'charact':5 'explor':12 'fanci':4 'fun':21 'grape':2 'hous':22 'monkey':9 'must':14 'studi':6"
77,"Birds Perdition","A Boring Story of a Womanizer And a Pioneer who must Face a Dog in California",2006,1,5,"4.99",61,"15.99","G","2013-05-26 14:50:58.951","{Trailers,""Behind the Scenes""}","'bird':1 'bore':4 'california':18 'dog':16 'face':14 'must':13 'perdit':2 'pioneer':11 'stori':5 'woman':8"
781,"Seven Swarm","A Unbelieveable Character Study of a Dog And a Mad Cow who must Kill a Monkey in Berlin",2006,1,4,"4.99",127,"15.99","R","2013-05-26 14:50:58.951","{""Deleted Scenes""}","'berlin':20 'charact':5 'cow':13 'dog':9 'kill':16 'mad':12 'monkey':18 'must':15 'seven':1 'studi':6 'swarm':2 'unbeliev':4"
780,"Sensibility Rear","A Emotional Tale of a Robot And a Sumo Wrestler who must Redeem a Pastry Chef in A Baloon Factory",2006,1,7,"4.99",98,"15.99","PG","2013-05-26 14:50:58.951","{""Behind the Scenes""}","'baloon':21 'chef':18 'emot':4 'factori':22 'must':14 'pastri':17 'rear':2 'redeem':15 'robot':8 'sensibl':1 'sumo':11 'tale':5 'wrestler':12"
694,"Prejudice Oleander","A Epic Saga of a Boy And a Dentist who must Outrace a Madman in A U-Boat",2006,1,6,"4.99",98,"15.99","PG-13","2013-05-26 14:50:58.951","{Trailers,Commentaries,""Deleted Scenes""}","'boat':21 'boy':8 'dentist':11 'epic':4 'madman':16 'must':13 'oleand':2 'outrac':14 'prejudic':1 'saga':5 'u':20 'u-boat':19"
408,"Head Stranger","A Thoughtful Saga of a Hunter And a Crocodile who must Confront a Dog in The Gulf of Mexico",2006,1,4,"4.99",69,"28.99","R","2013-05-26 14:50:58.951","{Trailers,Commentaries}","'confront':14 'crocodil':11 'dog':16 'gulf':19 'head':1 'hunter':8 'mexico':21 'must':13 'saga':5 'stranger':2 'thought':4"
887,"Thief Pelican","A Touching Documentary of a Madman And a Mad Scientist who must Outrace a Feminist in An Abandoned Mine Shaft",2006,1,5,"4.99",135,"28.99","PG-13","2013-05-26 14:50:58.951","{""Deleted Scenes"",""Behind the Scenes""}","'abandon':20 'documentari':5 'feminist':17 'mad':11 'madman':8 'mine':21 'must':14 'outrac':15 'pelican':2 'scientist':12 'shaft':22 'thief':1 'touch':4"
889,"Ties Hunger","A Insightful Saga of a Astronaut And a Explorer who must Pursue a Mad Scientist in A U-Boat",2006,1,3,"4.99",111,"28.99","R","2013-05-26 14:50:58.951","{""Deleted Scenes""}","'astronaut':8 'boat':22 'explor':11 'hunger':2 'insight':4 'mad':16 'must':13 'pursu':14 'saga':5 'scientist':17 'tie':1 'u':21 'u-boat':20"
342,"Fugitive Maguire","A Taut Epistle of a Feminist And a Sumo Wrestler who must Battle a Crocodile in Australia",2006,1,7,"4.99",83,"28.99","R","2013-05-26 14:50:58.951","{Trailers,Commentaries,""Deleted Scenes""}","'australia':19 'battl':15 'crocodil':17 'epistl':5 'feminist':8 'fugit':1 'maguir':2 'must':14 'sumo':11 'taut':4 'wrestler':12"
61,"Beauty Grease","A Fast-Paced Display of a Composer And a Moose who must Sink a Robot in An Abandoned Mine Shaft",2006,1,5,"4.99",175,"28.99","G","2013-05-26 14:50:58.951","{Trailers,Commentaries}","'abandon':21 'beauti':1 'compos':10 'display':7 'fast':5 'fast-pac':4 'greas':2 'mine':22 'moos':13 'must':15 'pace':6 'robot':18 'shaft':23 'sink':16"
320,"Flamingos Connecticut","A Fast-Paced Reflection of a Composer And a Composer who must Meet a Cat in The Sahara Desert",2006,1,4,"4.99",80,"28.99","PG-13","2013-05-26 14:50:58.951","{Trailers}","'cat':18 'compos':10,13 'connecticut':2 'desert':22 'fast':5 'fast-pac':4 'flamingo':1 'meet':16 'must':15 'pace':6 'reflect':7 'sahara':21"
532,"Loser Hustler","A Stunning Drama of a Robot And a Feminist who must Outgun a Butler in Nigeria",2006,1,5,"4.99",80,"28.99","PG","2013-05-26 14:50:58.951","{""Deleted Scenes"",""Behind the Scenes""}","'butler':16 'drama':5 'feminist':11 'hustler':2 'loser':1 'must':13 'nigeria':18 'outgun':14 'robot':8 'stun':4"
521,"Lies Treatment","A Fast-Paced Character Study of a Dentist And a Moose who must Defeat a Composer in The First Manned Space Station",2006,1,7,"4.99",147,"28.99","NC-17","2013-05-26 14:50:58.951","{Commentaries,""Deleted Scenes"",""Behind the Scenes""}","'charact':7 'compos':19 'defeat':17 'dentist':11 'fast':5 'fast-pac':4 'first':22 'lie':1 'man':23 'moos':14 'must':16 'pace':6 'space':24 'station':25 'studi':8 'treatment':2"
276,"Element Freddy","A Awe-Inspiring Reflection of a Waitress And a Squirrel who must Kill a Mad Cow in A Jet Boat",2006,1,6,"4.99",115,"28.99","NC-17","2013-05-26 14:50:58.951","{Commentaries,""Behind the Scenes""}","'awe':5 'awe-inspir':4 'boat':23 'cow':19 'element':1 'freddi':2 'inspir':6 'jet':22 'kill':16 'mad':18 'must':15 'reflect':7 'squirrel':13 'waitress':10"
7,"Airplane Sierra","A Touching Saga of a Hunter And a Butler who must Discover a Butler in A Jet Boat",2006,1,6,"4.99",62,"28.99","PG-13","2013-05-26 14:50:58.951","{Trailers,""Deleted Scenes""}","'airplan':1 'boat':20 'butler':11,16 'discov':14 'hunter':8 'jet':19 'must':13 'saga':5 'sierra':2 'touch':4"
439,"Hunchback Impossible","A Touching Yarn of a Frisbee And a Dentist who must Fight a Composer in Ancient Japan",2006,1,4,"4.99",151,"28.99","PG-13","2013-05-26 14:50:58.951","{Trailers,""Deleted Scenes""}","'ancient':18 'compos':16 'dentist':11 'fight':14 'frisbe':8 'hunchback':1 'imposs':2 'japan':19 'must':13 'touch':4 'yarn':5"
265,"Dying Maker","A Intrepid Tale of a Boat And a Monkey who must Kill a Cat in California",2006,1,5,"4.99",168,"28.99","PG","2013-05-26 14:50:58.951","{""Behind the Scenes""}","'boat':8 'california':18 'cat':16 'die':1 'intrepid':4 'kill':14 'maker':2 'monkey':11 'must':13 'tale':5"
435,"Hotel Happiness","A Thrilling Yarn of a Pastry Chef And a A Shark who must Challenge a Mad Scientist in The Outback",2006,1,6,"4.99",181,"28.99","PG-13","2013-05-26 14:50:58.951","{""Behind the Scenes""}","'challeng':16 'chef':9 'happi':2 'hotel':1 'mad':18 'must':15 'outback':22 'pastri':8 'scientist':19 'shark':13 'thrill':4 'yarn':5"
170,"Command Darling","A Awe-Inspiring Tale of a Forensic Psychologist And a Woman who must Challenge a Database Administrator in Ancient Japan",2006,1,5,"4.99",120,"28.99","PG-13","2013-05-26 14:50:58.951","{""Behind the Scenes""}","'administr':20 'ancient':22 'awe':5 'awe-inspir':4 'challeng':17 'command':1 'darl':2 'databas':19 'forens':10 'inspir':6 'japan':23 'must':16 'psychologist':11 'tale':7 'woman':14"
764,"Saturday Lambs","A Thoughtful Reflection of a Mad Scientist And a Moose who must Kill a Husband in A Baloon",2006,1,3,"4.99",150,"28.99","G","2013-05-26 14:50:58.951","{Commentaries,""Deleted Scenes""}","'baloon':20 'husband':17 'kill':15 'lamb':2 'mad':8 'moos':12 'must':14 'reflect':5 'saturday':1 'scientist':9 'thought':4"
